﻿<?xml version="1.0" encoding="utf-8"?><meta xmlns:xsi="http://www.w3.org/2001/XMLSchema-instance" xmlns:xsd="http://www.w3.org/2001/XMLSchema"><project id="642P9vCxvS9" courseid="5aAzIp6iqX5_course_id" thumburl="story_content/thumbnail.jpg" title="Menjelajah Dunia FRAK v1" datepublished="2024-09-28T14:35:19" version="1.0.0.0" flashdata="story_content/data.swf" html5data="mobile/data.json" mobiledata="mobile/data.gz" enabledownload="false" duration="About 71 minutes" totalaudio="3446688" totalvideo="267543"><description>Maulida Yulianti</description><keywords /><slidemeta moniker="slide" monikerplural="slides" viewslides="41" slidecountdescription="41 slides" /><author name="LENOVO" email="" website="" /><application name="Articulate Storyline" version="3.12.24693.0" xmlversion="4.0" /></project></meta>